13;16;2018-03-31 20:52:45;Afternoon candy tension while;6.87
19;1;2018-03-25 06:49:32;Contact rain contribution contract;7.4
5;17;2018-04-05 13:25:07;Exercise claim status drama;8.92
14;5;2018-04-03 04:06:48;West example matter milk;17.57
5;15;2018-03-29 04:35:25;Drink rate challenge fruit;8.17
10;12;2018-03-29 07:28:37;Affect discipline give bowl;16.42
17;14;2018-03-25 23:51:53;Side party page baby;23.36
16;3;2018-04-07 09:22:19;Human assist mood box;14.92
17;7;2018-04-07 04:08:04;Convert money gift eat;1.99
12;11;2018-04-03 20:46:01;Kick heart sample dark;22.91
4;3;2018-04-01 05:49:42;Research illegal incident study;7.66
3;8;2018-04-02 11:57:52;Exercise pace rise muscle;16.96
19;18;2018-03-28 05:38:45;Meeting ambition feeling chicken;4.28
10;13;2018-03-30 15:14:49;Balance family upstairs reputation;1.66
10;13;2018-03-31 06:30:34;Instruction dirt leader presentation;0.68
5;11;2018-03-29 17:52:21;Price national button closet;19.39
12;13;2018-03-25 18:38:39;Place collection meeting age;8.31
3;17;2018-03-26 15:56:53;Kick tone version rule;29.62
14;6;2018-04-06 20:25:19;Week eye rate cigarette;1.77
18;12;2018-03-25 19:00:59;Cake appeal unit society;1.53
